"experiment","tau2","ci.lb","ci.ub","paper"
"RR1",0.00039544929805018,0,0.00631803486683585,"alogna"
"RR2",0,0,0.00428611045453091,"alogna"
