"experiment","tau2","ci.lb","ci.ub","paper"
"RR1",0.0015268080192619,0,0.0315677892051079,"alogna"
"RR2",0,0,0.0238091044760698,"alogna"
