"experiment","tau2","ci.lb","ci.ub","paper"
"RR1",0.00131099536166488,0,0.0315677892051079,"alogna"
"RR2",0,0,0.0238091044760698,"alogna"
