"experiment","tau2","ci.lb","ci.ub","paper"
"RR1",0.00382452334973976,0,0.0362698258962699,"alogna"
"RR2",0,0,0.0223845659284575,"alogna"
