"experiment","k","Q","calpha0","p0","mdh0","calpha25","p25","mdh25","calpha33","p33","mdh33","calpha67","p67","mdh67","replicated"
"RR1",2,3.00617996501599,3.84145882069418,0.0829475602448848,7.849,4.75884383138652,0.121379406018542,9.139,5.04323657468101,0.134153039713087,9.53133333333333,6.08289572202274,0.184863998293303,10.9426666666667,1
"RR2",2,0.822594663772556,3.84145882069418,0.364422637747578,7.849,4.75884383138652,0.421733129947402,9.139,5.04323657468101,0.439705620466277,9.53133333333333,6.08289572202274,0.506357577413602,10.9426666666667,1
