"experiment","tau2","ci.lb","ci.ub"
"RTV",0.00367500146314267,0,0.0484648674186358
"RT",0.000950770405734452,0,0.0340461338291554
