"experiment","tau2","ci.lb","ci.ub","paper"
"Imagery",0.0160958815433658,0,0.160585784724455,"eerland"
"Intention_attribution",0.0161354080250706,0,0.150164429897612,"eerland"
"Intentionality",0.0800630382384022,0.0115832515088301,0.330208566199495,"eerland"
