"experiment","tau2","ci.lb","ci.ub"
"RR1",0.000446716376567455,0,0.00631803486683585
"RR2",0,0,0.00428611045453091
