"experiment","tau2","ci.lb","ci.ub","paper"
"RTV",0.00305177555461533,0,0.0484648674186358,"hagger"
"RT",0.000959641201427058,0,0.0340461338291554,"hagger"
