"experiment","tau2","ci.lb","ci.ub","paper"
"RR1",0.000835852323882123,0,0.00718875384203791,"alogna"
"RR2",0,0,0.0041349016149548,"alogna"
