"experiment","tau2","ci.lb","ci.ub","paper"
"RTV",0,0,0.0293868978476957,"hagger"
"RT",0.00170662593927004,0,0.0361528979529494,"hagger"
