"experiment","tau2","ci.lb","ci.ub"
"RR1",0.00039544929805018,0,0.00631803486683585
"RR2",0,0,0.00428611045453091
