"experiment","tau2","ci.lb","ci.ub"
"RR1",0.000913618379246741,0,0.00718875384203791
"RR2",0,0,0.0041349016149548
