"experiment","tau2","ci.lb","ci.ub"
"RTV",0,0,0.0293868978476957
"RT",0.00170662593927004,0,0.0361528979529494
