"paper","experiment","k","Q","calpha0","p0","mdh0","calpha25","p25","mdh25","calpha33","p33","mdh33","calpha67","p67","mdh67","replicated","t1","t2","v1","v2","mdh0scale","mdh25scale","mdh33scale","mdh67scale"
"manylabs","Allowedforbidden",2,11.7501957919811,3.84145882069418,0.00060836838124434,7.849,4.75884383138652,0.00174939444378208,9.139,5.04323657468101,0.00221347086671797,9.53133333333333,6.08289572202274,0.00452011600347246,10.9426666666667,1,0.505277749950075,0.737927272743267,0.00259509485279297,0.00201127949314244,0.190145818363821,0.205177131151363,0.209534935868045,0.224512848205745
"manylabs","Reciprocity",2,11.6465784985052,3.84145882069418,0.000643207307479798,7.849,4.75884383138652,0.00183717858079457,9.139,5.04323657468101,0.00232174563305132,9.53133333333333,6.08289572202274,0.00472462305632748,10.9426666666667,1,0.16,0.373839732731997,0.00286989795918367,0.00105635654558449,0.175548203089423,0.189425552444955,0.193448805725047,0.207276854217195
"rpp","KA Ranganath",2,5.04178299181981,3.84145882069418,0.0247430105573117,7.849,4.75884383138652,0.0434803094975278,9.139,5.04323657468101,0.0500345163331204,9.53133333333333,6.08289572202274,0.0776169472637248,10.9426666666667,0,0.00928013990024891,0.21297947587915,0.00710494870514488,0.001124961139362,0.254158537864724,0.274250152359025,0.280075015007188,0.300095251753768
